,label,eeg-ch-12-Delta-mu,eeg-ch-13-Theta-skew,eeg-ch-27-Delta-mu,eeg-ch-27-Delta-std,eeg-ch-27-Theta-mu,eeg-ch-30-Theta-skew,eeg-ch-30-Alpha-skew,eeg-ch-30-Beta-skew,eeg-ch-31-Beta-kurt,hb-fnirs-ch-0-Heartbeat-kurt,hb-fnirs-ch-1-LFO-kurt,hb-fnirs-ch-1-Respiration-skew,hb-fnirs-ch-2-Respiration-skew,hb-fnirs-ch-3-VLFO-kurt,hb-fnirs-ch-3-Heartbeat-mu,hb-fnirs-ch-4-VLFO-skew,hbo-fnirs-ch-0-Heartbeat-kurt,hbo-fnirs-ch-1-LFO-kurt,hbo-fnirs-ch-1-Respiration-skew,hbo-fnirs-ch-1-Heartbeat-mu,hbo-fnirs-ch-3-VLFO-kurt,hbo-fnirs-ch-3-Heartbeat-mu,hbo-fnirs-ch-4-VLFO-skew,hbo-fnirs-ch-4-Heartbeat-skew
0,0,0.0005256120930425,-0.0658906223854161,-0.0022750801872462,0.0559549704194068,-0.0006260937661863,-0.061695813528171,0.0323993428053709,-0.0270817761506205,0.0854166779048588,0.0428793457778664,1.6165922373905692,-0.1170397643524781,0.1934693816826892,-0.0058233837508474,0.0002930200948492,-0.1206184840968616,0.0428793457778664,1.6165922373905692,-0.1170397643524781,-0.0013751825231023,-0.0058233837508474,0.0002930200948492,-0.1206184840968616,-0.127319456410749
1,0,-0.0008739412296563,0.4859304191915932,0.0003326422884128,0.0176963824778795,0.0001104985276469,0.4980194187450017,0.4992954498722419,0.3997900315052142,-0.281524453122902,-0.275458004408958,0.514815218274038,-0.1254251883219276,-0.2620465587823307,-0.0953309235845289,0.0017740766350735,-0.177204955751876,-0.275458004408958,0.514815218274038,-0.1254251883219276,-0.0003986878290713,-0.0953309235845289,0.0017740766350735,-0.177204955751876,-0.0504891421994668
2,0,0.000582413864322,0.0980975388342064,-0.0007688986370339,0.0224302224814891,-0.0005715903826057,0.0646133439951922,0.0656500843209466,-0.0802952401195605,0.2207829731458481,-0.6329201359842829,2.6935082171340508,0.2089507243546516,0.4017535284818203,-0.2297696783301779,0.000119749510315,0.0893967463236924,-0.6329201359842829,2.6935082171340508,0.2089507243546516,-0.0007220359256545,-0.2297696783301779,0.000119749510315,0.0893967463236924,-0.0889682311245497
3,0,-0.0100908521562814,-5.227299761066835,-0.0100911604240536,0.0251822061836719,-0.0016512074507772,-5.227420566464391,-7.086694469569339,-9.74703127073148,99.50794417110971,-0.7567620354131415,0.8802601552305602,0.0713062795225705,0.0371650258661103,-0.3869569755184274,0.0030716633258158,-0.0789938458324444,-0.7567620354131415,0.8802601552305602,0.0713062795225705,-0.0014639041256987,-0.3869569755184274,0.0030716633258158,-0.0789938458324444,0.0199467726552713
4,0,-0.0100891077890992,-5.22735166168579,-0.0100910728797316,0.0251812804490327,-0.0016511885914951,-5.227384263113308,-7.086772968221817,-9.747072926629905,99.5097722178702,-0.467249614518979,0.7548781956063673,-0.0407644497984519,0.12882312221073,-0.1347012095780626,0.0010963292515653,0.346131966420045,-0.467249614518979,0.7548781956063673,-0.0407644497984519,-0.0008292108900337,-0.1347012095780626,0.0010963292515653,0.346131966420045,0.2812299138665609
5,0,-0.0100908959284424,-5.227368578157667,-0.0100904302671551,0.0251790732145309,-0.0016510835848748,-5.227478000317839,-7.086597789066322,-9.74723142086615,99.51077196520669,-1.0265645594518116,2.239998582396637,0.1910515996661047,-0.0117185933900422,-0.1794558241840071,-0.0011686988682842,-0.2058787552555678,-1.0265645594518116,2.239998582396637,0.1910515996661047,0.000292486101087,-0.1794558241840071,-0.0011686988682842,-0.2058787552555678,-0.3568427077750982
6,0,-0.0100908996537327,-5.22732869210952,-0.0100908512249588,0.0251822005957365,-0.0016509798588231,-5.227394382408339,-7.086917688789367,-9.747246655624773,99.51643304186364,-0.5114119866457174,0.7209771223652504,-0.1864342531375427,0.3213992898375219,0.0368571956455494,-0.0007683441308622,0.1533339416376016,-0.5114119866457174,0.7209771223652504,-0.1864342531375427,0.0013569234124162,0.0368571956455494,-0.0007683441308622,0.1533339416376016,0.0256111692844505
7,0,-0.0100903492420911,-5.2273153311046645,-0.0100929969921708,0.0251878015697002,-0.0016515260795131,-5.230111618040082,-7.08965572300647,-9.750130981377204,99.50591415821236,-0.8897614069751567,2.9480470550406173,-0.023697907459747,0.2687389555912677,-0.0298066134153769,7.513016829779895e-05,-0.044936713582964,-0.8897614069751567,2.9480470550406173,-0.023697907459747,-0.0017283104209822,-0.0298066134153769,7.513016829779895e-05,-0.044936713582964,0.0405790497387268
8,0,-0.0100904246792197,-5.227708295728585,0.0100907878950238,0.0251801442354917,0.001651128870435,-5.227329366122395,-7.086705342345931,-9.747008145101946,99.51750549961548,-0.8852781903747431,2.100784778274268,0.1688826866158455,-0.2580763968545826,-0.3288840864246083,0.0009364745588581,-0.0415105979855576,-0.8852781903747431,2.100784778274268,0.1688826866158455,0.0005740565133439,-0.3288840864246083,0.0009364745588581,-0.0415105979855576,-0.0621489024181344
9,0,-0.0100908745080232,-5.227353149136251,-0.01008977368474,0.0251771919429302,-0.001650883234106,-5.2274187086178,-7.086803477124417,-9.747179999757511,99.50719886861532,-0.0625959834720202,0.3877305416717056,-0.0595103070950388,-0.1274911144031655,-0.23495169685342,0.0018865127706018,0.037939412354665,-0.0625959834720202,0.3877305416717056,-0.0595103070950388,0.0005829636619774,-0.23495169685342,0.0018865127706018,0.037939412354665,0.318192850690359
10,0,-0.0100912386551499,-5.227259217101821,-0.0101098865270614,0.0252458043396472,-0.0016544351819902,-5.227366435366903,-7.086746521844088,-9.74707935075256,99.50782248195452,-0.8248445702757814,1.3602179704519433,0.4518423749053984,0.4441969490176053,-0.2205466620689145,0.0003160685830402,0.0549199328042122,-0.8248445702757814,1.3602179704519433,0.4518423749053984,-0.0007713538593388,-0.2205466620689145,0.0003160685830402,0.0549199328042122,-0.055111954048203
11,0,-0.0100908782333135,-5.227324584052481,-0.0100912414491176,0.025182768702507,-0.0016512109432369,-5.22814802281584,-7.087701289834962,-9.74834045275201,99.50769400118116,-0.9277912658623196,2.9069569054642264,-0.0197525515264626,-0.0155583191411403,-0.3438809530446849,0.001813707482451,0.1267044517564432,-0.9277912658623196,2.9069569054642264,-0.0197525515264626,-0.0023338208273725,-0.3438809530446849,0.001813707482451,0.1267044517564432,0.0690374948153934
12,0,-0.0100946277379989,-5.227529993282048,-0.0100912461057305,0.0251823384314775,-0.001651237369515,-5.227380038847547,-7.0866812995731845,-9.74690654754172,99.50638419900272,-0.7049672934827931,3.647847159558236,-0.0996148002428696,-0.1086260880828247,-0.7157248775053224,-0.0010682615631834,-0.0880202262356172,-0.7049672934827931,3.647847159558236,-0.0996148002428696,-0.0019758012055026,-0.7157248775053224,-0.0010682615631834,-0.0880202262356172,-0.0049807442079225
13,0,-0.0100909173488616,-5.227409208015705,-0.0100910114124417,0.0251839645206928,-0.0016514426097273,-5.2275511005008655,-7.086629841691964,-9.746577005496214,99.51711149515936,-0.4801230204964941,2.051880786600348,-0.102833022730278,0.1160122647436457,-0.1970967973467496,-0.0002479274709461,0.1739543900232743,-0.4801230204964941,2.051880786600348,-0.102833022730278,-0.0017191255262834,-0.1970967973467496,-0.0002479274709461,0.1739543900232743,-0.0312802100962723
14,0,-0.0100908242166042,-5.227615680775523,-0.0100866593420505,0.0251656509935855,-0.0016502394573763,-5.227596311523221,-7.086432722381428,-9.747132509704215,99.52349950642476,-0.1990320517435546,3.5355434726652133,0.0055537992955886,0.1928890840179814,-0.3115979828261177,-0.0002087427571421,0.1062795572727039,-0.1990320517435546,3.5355434726652133,0.0055537992955886,-0.0018294859299213,-0.3115979828261177,-0.0002087427571421,0.1062795572727039,0.0846397926567455
15,0,-0.0100905448198318,-5.227577143492953,-0.010090054012835,0.0251774881035089,-0.0016510091954842,-5.227422370643402,-7.086536420022815,-9.747153086942376,99.51421765012525,-1.0248285745102326,3.2617523105459565,-0.1439986830338186,-0.0593936183722989,1.7214998269938624,0.0025601715326471,0.1031235524402444,-1.0248285745102326,3.2617523105459565,-0.1439986830338186,0.0004505926341741,1.7214998269938624,0.0025601715326471,0.1031235524402444,-0.0812555348476696
16,0,-0.010089548304677,-5.227356483338247,-0.0100892754271626,0.0251795016229152,-0.001650926307775,-7.38378280234222,-9.834607962157015,-13.338592736372265,99.51541250959104,-0.7126945078682283,3.784524763948754,0.156498761055022,-0.0246285366271897,-0.2190396925018296,0.0016820138659105,0.1275462387112134,-0.7126945078682283,3.784524763948754,0.156498761055022,-0.0020963531539424,-0.2190396925018296,0.0016820138659105,0.1275462387112134,0.0558799702853183
17,0,-0.010090846568346,-5.227314665270071,0.0101044606417417,0.0252205785363912,0.0016523071099072,-5.227487465063024,-7.086940202959349,-9.747011509884285,99.50736979301756,-0.186650516565026,2.979062410853385,0.1920960857600788,0.3114229865020463,-0.0508030383663329,0.0003214489824103,-0.4875541027703994,-0.186650516565026,2.979062410853385,0.1920960857600788,-0.0031843788309881,-0.0508030383663329,0.0003214489824103,-0.4875541027703994,-0.0154772210352834
18,0,-0.0100978491827845,-5.227407243133128,-0.0100919585675001,0.0251854211091995,-0.0016513508744537,-5.227362256926912,-7.0866304572056,-9.747080512594856,99.50847071639524,-0.8090388217797297,2.412485638641666,-0.2798896425981704,-0.2095384051522909,-0.3812131825848328,0.001912842219023,-0.0812402902270442,-0.8090388217797297,2.412485638641666,-0.2798896425981704,0.0023291785026652,-0.3812131825848328,0.001912842219023,-0.0812402902270442,0.0078946521368242
19,0,-0.010087639093399,-5.227379615029382,-0.0100908586755394,0.0251803416758775,-0.0016511115245521,-5.227408177210392,-7.086713460518503,-9.747033990456009,99.50642830542296,0.7431380114757471,0.8802913717747565,0.4422845101909175,0.0276570066298929,-0.6065190833251615,-0.0014159506489147,-0.3253870281686575,0.7431380114757471,0.8802913717747565,0.4422845101909175,-0.0031422561819507,-0.6065190833251615,-0.0014159506489147,-0.3253870281686575,0.0076195548938503
20,0,-0.0100895799696445,-5.227426364941068,-0.0101067163050174,0.0252496879547834,-0.001653759041801,-5.227076416609871,-7.086825492194348,-9.747136409716868,99.52297955507508,0.0173455289821355,3.4545563935028545,0.4025763813922153,0.5090161361444129,-0.3645043855486221,0.0015296689248802,0.0374551868905609,0.0173455289821355,3.4545563935028545,0.4025763813922153,0.0035232705591138,-0.3645043855486221,0.0015296689248802,0.0374551868905609,0.0339371711681079
21,0,-0.0100968042388558,-5.227398960532852,-0.0100933415815234,0.0251908749341964,-0.001651664962992,-5.227318433922148,-7.086781256778746,-9.747052817280938,99.5077482803634,0.1806558255494472,3.0873771889113693,-0.217824720320681,-0.5266708903658595,-0.496626837301628,0.003830128689983,0.2644420479948567,0.1806558255494472,3.0873771889113693,-0.217824720320681,0.0028692272092726,-0.496626837301628,0.003830128689983,0.2644420479948567,0.3429243467904153
22,0,-0.0100971879437565,-5.227565062927063,-0.0100865280255675,0.0251724980771541,-0.0016506287502124,-5.227476301391582,-7.0865935057410425,-9.747024850871568,99.50704542826828,-0.2893149477692902,0.4113629626172339,-0.0388363459440627,0.3348587623784155,-0.4494942049820385,0.0024080779139002,-0.2604400600599593,-0.2893149477692902,0.4113629626172339,-0.0388363459440627,-0.0035257341619426,-0.4494942049820385,0.0024080779139002,-0.2604400600599593,0.06020117796463
23,0,-0.0100908186286687,-5.227326703334007,-0.0100926980376243,0.0251841936260461,-0.001651068450883,5.227408585021961,7.086685466912278,9.747018730146817,99.50648275285631,0.6795603833258994,3.10615931385874,0.0851762844247903,0.4020858833746866,-0.013508889899271,-0.000318638427286,-0.065084141172656,0.6795603833258994,3.10615931385874,0.0851762844247903,-0.0013595894379521,-0.013508889899271,-0.000318638427286,-0.065084141172656,0.1019229868248844
24,0,-0.0100892325863242,-5.227571917781686,-0.0100939683616161,0.0251921098679304,-0.001651702215895,5.22728556447044,7.08665758415146,9.747049313213836,99.82734427225056,-0.6062001254968976,4.461547095001352,0.0620813773865255,0.0865420466102942,-0.3767234130318511,0.0005017228965138,0.1350808237504963,-0.6062001254968976,4.461547095001352,0.0620813773865255,0.0013553385211961,-0.3767234130318511,0.0005017228965138,0.1350808237504963,0.2194185675798834
25,0,-0.0100907525047659,-5.227344042967687,0.0049431817606091,0.013883271254599,0.0008190069929696,5.230069812007174,7.090200665543596,9.75128987475283,99.50655294532626,-0.9012744478691346,3.0876051065168357,-0.1489122860049479,0.5719952683537909,-0.128400540933733,-0.0001348600969429,-0.2704067910058093,-0.9012744478691346,3.0876051065168357,-0.1489122860049479,0.0004993787046798,-0.128400540933733,-0.0001348600969429,-0.2704067910058093,-0.0442605223105547
26,0,-0.0100913317874073,-5.227620301827804,-0.0100911380723118,0.0251818113029003,-0.0016511637950316,5.227289342377273,7.086664905699601,9.747022799467938,99.50593414231528,0.2631478966561849,2.0761240782257917,-0.0374737783363779,-0.4694807779012624,-0.639213884193202,0.0042601828231928,0.1872979628727998,0.2631478966561849,2.0761240782257917,-0.0374737783363779,-0.0003892223982108,-0.639213884193202,0.0042601828231928,0.1872979628727998,0.3730853267284728
27,1,0.0010764189064502,-0.2429190968630815,0.0012834022054448,0.0334705412387847,0.0001952435995917,-0.098044991595698,-0.0264146008736014,-0.1486354126585261,-0.1137752145425663,-0.7068568651841729,3.618578352002984,-0.5447302312797324,0.3012996428641196,0.2315453975690338,0.0006217187946155,0.1096570236462839,-0.7068568651841729,3.618578352002984,-0.5447302312797324,-0.0004625214081553,0.2315453975690338,0.0006217187946155,0.1096570236462839,0.0510353066596641
28,1,-0.0002671639085747,-0.2631270042899384,0.000700231292285,0.0300574358552694,7.7470947871916e-05,-0.0250334933539282,0.167249966135326,0.0585038839877467,0.513205577405571,-0.4901714373775472,3.328907184319519,0.1272667545092356,0.1397534305579851,0.5155252434910191,-0.0020255002305556,-0.0997985595698925,-0.4901714373775472,3.328907184319519,0.1272667545092356,-0.0041402213245674,0.5155252434910191,-0.0020255002305556,-0.0997985595698925,0.1176989191821395
29,1,3.7196139146544738e-06,-0.0251367574901633,-0.0008401125087402,0.0274605378508567,5.7888108131010085e-05,-0.0990415977191269,-0.2059235472831355,-0.0491883214074504,14.61599131911778,-0.7417617367133351,1.2141901207175767,0.240692731291903,0.2428574042681597,1.3334614347800784,0.0010590472012636,-0.6202141961722512,-0.7417617367133351,1.2141901207175767,0.240692731291903,-0.005231252573151,1.3334614347800784,0.0010590472012636,-0.6202141961722512,-0.0111059703208028
30,1,0.0010571974562481,0.1526822249400594,-0.0005948539474047,0.0404581576585769,-0.0002152154484065,-0.1490491086033636,-0.3148207289797407,-0.0803647875130728,0.2631064962320923,-0.4434906849628621,2.625864412365355,0.4609358256560179,-0.2211341328197547,-0.4772172052375114,0.0044196300208252,0.0025806675825629,-0.4434906849628621,2.625864412365355,0.4609358256560179,-0.0033685125201393,-0.4772172052375114,0.0044196300208252,0.0025806675825629,0.0354192178345411
31,1,0.0002887618611566,-0.2125771345763798,-0.0001239348202943,0.028701227158308,7.964516407810152e-05,0.2434010541754057,0.1932023069208486,0.1329801543660958,0.3173305026663433,-0.8893743988364013,0.1344163784689103,0.2891213277541754,0.0322603744453915,0.9072125769433156,-0.0007384204569893,0.1156945542508137,-0.8893743988364013,0.1344163784689103,0.2891213277541754,-0.0006448566978564,0.9072125769433156,-0.0007384204569893,0.1156945542508137,0.0683398318142115
32,1,0.000783318595495,0.2449777686169238,0.0006642710650339,0.0225914698094129,0.000256987317698,0.1162758391801496,0.0975798386431457,0.0078157145765516,0.2684389064263626,-0.8898395268340207,2.923111436829285,-0.3808486059416717,0.3150820671318233,0.7198059129548553,-0.0042857917801895,0.1844270244441184,-0.8898395268340207,2.923111436829285,-0.3808486059416717,0.0030931228533669,0.7198059129548553,-0.0042857917801895,0.1844270244441184,0.1125563143403022
33,1,2.2999853172223084e-05,-0.1203367931745659,-7.17602379154414e-05,0.0204552989453077,0.0001555546041345,0.2314297770746401,0.0252730826802938,0.1204233721728823,0.5814070692681765,-0.6686125901979612,2.5482428775380006,0.089114351764711,0.2585746965583806,0.6427808408672644,0.0013407550649944,-0.2810317440529443,-0.6686125901979612,2.5482428775380006,0.089114351764711,0.002107164051939,0.6427808408672644,0.0013407550649944,-0.2810317440529443,-0.0461089181122738
34,1,-0.0002719784388318,0.1349609209322837,-0.0001174410572275,0.0305446702986955,-0.0002880021638702,0.2845352656747316,-0.05929532008494,-0.0835094108057195,-0.076648445444706,-0.834825075250758,0.0510795150119154,0.3289723501214645,-4.649600348145088e-05,0.0096410907328072,0.0019644462443012,-0.050025780103504,-0.834825075250758,0.0510795150119154,0.3289723501214645,0.002575519772027,0.0096410907328072,0.0019644462443012,-0.050025780103504,-0.1149280963315561
35,1,-6.657730409642681e-05,-0.0738882111670483,-0.0004695274983532,0.0295114703476429,-8.516957313986495e-05,0.1861680465117119,0.0490263258216918,-0.0175776468642675,0.9867428747294662,-0.0915230801910942,0.5078895750761037,0.0582718990210699,-0.0803929733082588,-0.3487123971373855,-0.0004463603472788,-0.0748425731450987,-0.0915230801910942,0.5078895750761037,0.0582718990210699,-0.000861040318253,-0.3487123971373855,-0.0004463603472788,-0.0748425731450987,0.1408960641115785
36,1,0.000655357260257,-0.1836083726782857,-0.0003515445860102,0.0254790615290403,-6.525508797494695e-05,-0.2999928274439827,-0.1209910466780522,0.0130801660670781,0.3946166585154329,0.6147921241036745,2.796855882969356,0.3079220596447052,0.4150055514950141,0.1087025097059042,-0.0002759992349987,-0.1338711898711406,0.6147921241036745,2.796855882969356,0.3079220596447052,-0.0039581443218665,0.1087025097059042,-0.0002759992349987,-0.1338711898711406,-0.2955599938520483
37,1,-0.0016509166453033,0.0920979606387427,-0.0007861955091357,0.0251397043466568,-0.0001667410397203,-0.0364675643054833,-0.0971305669182452,-0.0294194144941247,0.0093240847213236,-0.5537856245703319,-0.2166413863584599,-0.0023194393035951,-0.0853928485625917,-0.2554465637007634,0.0004054940687191,-0.2167571881567532,-0.5537856245703319,-0.2166413863584599,-0.0023194393035951,-0.0005117317899459,-0.2554465637007634,0.0004054940687191,-0.2167571881567532,-0.0472572384188921
38,1,-0.0006391775677911,0.1951308435644096,-0.0002020253741648,0.0264234822243452,-6.360921543091536e-05,-0.0351125519368782,-0.106254487653076,0.0168362772434944,-0.1133205662703642,-0.4441465091732368,-0.3899467852854679,-0.2571634570695489,0.1391446634986122,-0.1012387703502795,-0.0021623805360418,0.0170116871318613,-0.4441465091732368,-0.3899467852854679,-0.2571634570695489,0.0001144460577773,-0.1012387703502795,-0.0021623805360418,0.0170116871318613,0.0635743349119703
39,1,-0.0100923795253038,-5.227406696608325,-0.0100902980193495,0.0251785274595022,-0.0016509951092302,-5.227689325939292,-7.087155988113824,-9.747738564590264,99.52758840678652,-0.5833367473554163,2.6036264266927818,-0.4973182170795566,0.2502846389900123,0.4708103491319075,-0.0004209678830745,0.0696326952171034,-0.5833367473554163,2.6036264266927818,-0.4973182170795566,0.0021065901528025,0.4708103491319075,-0.0004209678830745,0.0696326952171034,0.038512250675084
40,1,-0.0100905131548643,-5.227361088240135,-0.0100897457450628,0.0251755993813276,-0.0016509192064404,-5.227447443197465,-7.086725155129364,-9.747013770829614,99.54676663953168,-1.0470977583822487,0.04356322761413,0.0944608415887706,0.1131795406190521,-0.2021695762336137,-0.0013485561369251,0.2576786611195307,-1.0470977583822487,0.04356322761413,0.0944608415887706,0.0011684893942853,-0.2021695762336137,-0.0013485561369251,0.2576786611195307,0.0526676429348079
41,1,-0.0100906500592827,-5.227344841701267,-0.0100916856899857,0.0251831375062465,-0.0016513959271833,-5.22734590969582,-7.086618702861678,-9.747023493610545,99.50802044602771,-0.870301517021844,3.5948748901459124,-0.0259386412448494,-0.0773708106452662,-0.2303484146325125,0.0024619560876484,-0.2071806238128658,-0.870301517021844,3.5948748901459124,-0.0259386412448494,0.000854603700591,-0.2303484146325125,0.0024619560876484,-0.2071806238128658,-0.1067232588569927
42,1,-0.0100913774222135,-5.227328125101731,-0.0100910970941185,0.025181284174323,-0.001651183119975,-5.227411716898587,-7.086638998259703,-9.747084279194308,99.50756379920436,-0.9194635696762958,1.3527397254599505,0.1834110266821383,-0.0479912372054508,-0.0296639429369678,0.0008423817248285,0.2317347948501576,-0.9194635696762958,1.3527397254599505,0.1834110266821383,-0.0009712415169514,-0.0296639429369678,0.0008423817248285,0.2317347948501576,-0.0103550425924724
43,1,-0.010092144832015,-5.227346308924047,-0.0100907515734434,0.0251801162958145,-0.0016511032590642,-5.227347293527068,-7.086694273227651,-9.747037244991049,99.50776209522677,-0.4957915899210974,3.306216508731783,-0.0641596878682115,-0.0042965759191062,-0.1535156978990661,0.0023421774928079,-0.436015459412211,-0.4957915899210974,3.306216508731783,-0.0641596878682115,0.0010254396429354,-0.1535156978990661,0.0023421774928079,-0.436015459412211,-0.0898477122079535
44,1,-0.0100924288854002,-5.227419176121951,-0.0100908335298299,0.0251797419041395,-0.0016511336434632,-5.2272738032790125,-7.08690604657448,-9.746839883979524,99.52024325891924,-0.4507074731561964,2.353075501486196,-0.4291220254108353,-0.1466266900923623,-0.3516784655023706,0.0022192288961264,-0.374331496557674,-0.4507074731561964,2.353075501486196,-0.4291220254108353,0.0065962431282246,-0.3516784655023706,0.0022192288961264,-0.374331496557674,-0.0947335201756754
45,1,-0.0100922789424657,-5.227394946514955,-0.0100918868556618,0.0251837261021137,-0.0016513052396476,-5.227400630905696,-7.086686236743746,-9.746879971430586,99.50623932397204,-0.405304581470308,1.568407621805861,-0.0548090684493508,0.0378366755486001,-0.1933558545527134,0.0016495239703845,0.0153607364695334,-0.405304581470308,1.568407621805861,-0.0548090684493508,-0.0010532048281902,-0.1933558545527134,0.0016495239703845,0.0153607364695334,0.0163185280483768
46,1,-0.0100911930203437,-5.227375307124893,-0.0100908456370234,0.0251807272434234,-0.0016511246794834,-5.22739636085918,-7.086726462242468,-9.74712577043207,99.50742703100865,-0.7545108790244255,1.9252509942286096,0.2236942792230776,-0.2425100447741338,0.0450500490170382,-0.000723140771397,0.1879262883744136,-0.7545108790244255,1.9252509942286096,0.2236942792230776,-0.0006259650631783,0.0450500490170382,-0.000723140771397,0.1879262883744136,-0.0409170400450102
47,1,-0.0100909182801842,-5.227425965492671,0.010085797868669,0.0251499414443969,0.0016511637950316,-5.260151732482292,-7.130495478159548,-9.804747567193903,99.51830918232808,0.0097046205644701,0.3791248892119059,0.0545640072619735,-0.0944585501535718,0.3757416178989041,-0.001032395811517,0.0735453688363786,0.0097046205644701,0.3791248892119059,0.0545640072619735,0.0002690040947993,0.3757416178989041,-0.001032395811517,0.0735453688363786,-0.0300446810865475
48,1,-0.0100908149033784,-5.227452543099481,-0.010090478695929,0.0251789819449186,-0.0016510678688064,-5.227548052326744,-7.086905366170504,-9.74733585184786,99.51731319875856,-0.3084795810513134,0.2348914393535155,-0.3219666220698111,-0.4937947709075043,0.4575282447301263,-0.0001411593851675,-0.0809450454305905,-0.3084795810513134,0.2348914393535155,-0.3219666220698111,-0.0018742883104112,0.4575282447301263,-0.0001411593851675,-0.0809450454305905,-0.086823186823113
49,1,-0.0100914780050516,-5.227333057713367,-0.0100909993052482,0.0251805614680051,-0.0016511413268744,-5.227707753379649,-7.087478116401421,-9.747674180007644,99.64643823816884,-0.4014259977138956,1.969734577489949,-0.3290499888743043,-0.5084954322502231,0.1432685583761781,0.0010898736585276,-0.386769031353858,-0.4014259977138956,1.969734577489949,-0.3290499888743043,0.0008814297087014,0.1432685583761781,0.0010898736585276,-0.386769031353858,0.0846971949955537
50,1,-0.0100882705301046,-5.227360711119126,-0.0100914221256971,0.0251829531043767,-0.001651233062148,-5.227716869029612,-7.087294180519347,-9.748210833681126,99.50568225169904,-0.7609082757921435,3.1260195061321694,0.3753791448628918,-0.0290518361393588,-0.2749378260781157,0.0038559187667722,0.0632523491313227,-0.7609082757921435,3.1260195061321694,0.3753791448628918,-0.0018367095345164,-0.2749378260781157,0.0038559187667722,0.0632523491313227,0.0250012555870185
51,1,-0.0100907618179917,-5.227422745481301,-0.010088687762618,0.0251746419817209,-0.001650815596804,-5.227796230605213,-7.086936494110512,-9.747114583629056,99.5066799277582,-0.875200742506641,3.1959566472263568,0.2656923979914199,0.194165420870842,0.1726297185437277,0.0003400309243284,-0.0491067432723252,-0.875200742506641,3.1959566472263568,0.2656923979914199,0.0026224981179908,0.1726297185437277,0.0003400309243284,-0.0491067432723252,-0.0304895389215117
52,1,-0.0100903529673814,-5.227375914053871,-0.0100907897576689,0.0251801926642656,-0.0016511150170117,-5.22826357444597,-7.087153813892611,-9.747933112586663,99.50407815317048,-1.0213796119341916,-0.0958256891586626,-0.1360682633648502,-0.0857830622179978,-0.4273015594989839,0.0004404088173121,0.2544613910133831,-1.0213796119341916,-0.0958256891586626,-0.1360682633648502,-0.0005849991822492,-0.4273015594989839,0.0004404088173121,0.2544613910133831,0.4004323788847956
53,1,-0.0100920479744672,-5.227333114792759,-0.0100921876728534,0.0251866150647401,-0.0016513810260221,-5.2274733161284725,-7.086783974070022,-9.747086329902436,99.50602583959218,-0.4863610741699782,2.936163519326187,0.1398034742449701,0.1165912986530214,-0.4485570995719472,0.0007122563004008,-0.0668396895621001,-0.4863610741699782,2.936163519326187,0.1398034742449701,-0.0008834269660746,-0.4485570995719472,0.0007122563004008,-0.0668396895621001,-0.4490969444825474
54,1,-0.0100916493684053,-5.227526661489288,0.0100477114319801,0.0251628328114748,0.0016478216275572,-5.227308864867945,-7.086855802806951,-9.74721066441072,99.50843257394664,-0.0524208011700966,0.038118449120593,-0.0316919079873365,-0.212015765887247,-0.2094037925094727,0.0008173618539049,0.089597908847662,-0.0524208011700966,0.038118449120593,-0.0316919079873365,0.0016222152470306,-0.2094037925094727,0.0008173618539049,0.089597908847662,-0.0003704163883017
55,1,-0.0100908251479268,-5.227353190265545,-0.0100929085165262,0.0251934994012117,-0.0016513783484697,-5.227369993320589,-7.086768604610909,-9.74714530037009,99.52107169780182,0.4931270583238523,2.200427041254557,-0.4623745648899811,-0.3465769305228305,0.1871454797578824,-0.001056453830978,0.2005562044635601,0.4931270583238523,2.200427041254557,-0.4623745648899811,0.0029576616358484,0.1871454797578824,-0.001056453830978,0.2005562044635601,0.0398133432159237
56,1,-0.0100909546017646,-5.227341823761975,-0.0100907580927014,0.0251809600740671,-0.0016511211870238,-5.227291227879177,-7.086699323753241,-9.747239773330271,99.6437898855469,-0.8853843741446266,3.438919462146191,-0.1044305450591869,-0.5672906426128191,-0.1593119946496579,-0.0019113321373489,0.1905681127802012,-0.8853843741446266,3.438919462146191,-0.1044305450591869,0.000516482183169,-0.1593119946496579,-0.0019113321373489,0.1905681127802012,-0.0326282544533108
57,1,-0.0100909126922488,-5.227352074394031,-0.0100910486653447,0.0251807142049074,-0.0016511105932295,-5.2273342833524055,-7.086682313613019,-9.747004320971516,99.50465655886882,-0.6223747065243384,3.4348663012737037,0.204313769923693,-0.1857315705142171,-0.293379489705257,-0.0010558280029604,0.1874893823031828,-0.6223747065243384,3.4348663012737037,0.204313769923693,0.0029621226556939,-0.293379489705257,-0.0010558280029604,0.1874893823031828,0.1057834305471942
58,1,-0.0100907208397984,-5.227424046709866,-0.0100928442552685,0.0251905918121337,-0.0016514853341504,-5.227580743671525,-7.086847831662816,-9.74721862797102,99.50259974540008,-0.7787222716970632,0.563926810849249,-0.0161315493524804,0.0532276204113938,0.2071858967102544,-0.0009785974395926,-0.1660817282729016,-0.7787222716970632,0.563926810849249,-0.0161315493524804,0.001899121476121,0.2071858967102544,-0.0009785974395926,-0.1660817282729016,0.0317670206548636
59,1,-0.0100906351581215,-5.22741487627289,-0.0100917220115661,0.0251837372779846,-0.0016512488946318,-5.227529197751117,-7.086864148590397,-9.74723348609488,99.51111813991363,-0.6477973603214688,0.0290223901848025,-0.0419510981331593,-0.1601181395920691,-0.5811619907429177,0.0007385937585361,0.1397499251583936,-0.6477973603214688,0.0290223901848025,-0.0419510981331593,0.0017136143377885,-0.5811619907429177,0.0007385937585361,0.1397499251583936,0.1515816068988606
60,1,-0.0100907981395721,-5.227418423272624,-0.0100927036255598,0.0251889936625957,-0.0016514636809006,-5.227623190968208,-7.087381284710756,-9.747275590400545,99.63381207933976,-0.5272783634531866,4.374631200808243,-0.49899823457419,-0.212174936566354,-0.1288896578302183,-0.0034227136393977,-0.3403387840504777,-0.5272783634531866,4.374631200808243,-0.49899823457419,-0.0017903447029357,-0.1288896578302183,-0.0034227136393977,-0.3403387840504777,-0.4405373590224423
61,1,-0.0100905233994126,-5.227381421246155,-0.0100913327187299,0.0251840148121118,-0.0016512387664988,-5.227429278333184,-7.086656266803987,-9.746943359730665,99.50632384301171,-0.1491099830519862,-0.3093927071704505,-0.277060458448468,0.0953929908017839,0.0710275511426949,0.0003099499676485,0.3523287532819905,-0.1491099830519862,-0.3093927071704505,-0.277060458448468,0.0011282281484647,0.0710275511426949,0.0003099499676485,0.3523287532819905,0.0432240601739101
62,1,-0.010089592076838,-5.22734565923733,-0.0100908065214753,0.0251805465668439,-0.0016511265421286,-5.227352666453621,-7.0866479749146665,-9.747014038146547,99.50569953320456,-1.0545699395004948,3.097706629117812,-0.0979543306365551,-0.0788009206535838,-0.2699174070216061,0.0002148133235381,0.1348015268667511,-1.0545699395004948,3.097706629117812,-0.0979543306365551,-0.0031235984387739,-0.2699174070216061,0.0002148133235381,0.1348015268667511,0.1045791427318547
63,1,-0.0100911250337958,-5.2273668282278205,-0.0100843431428074,0.0251583103090524,-0.0016499506309628,-5.227785239571468,-7.086952003900695,-9.747522161783522,99.57126305738817,-0.8442643436866972,2.1893736987865697,0.2623822207086035,0.1183619675425321,-0.1082782692222479,-0.001628206488762,-0.1012533149472001,-0.8442643436866972,2.1893736987865697,0.2623822207086035,-0.001273072082679,-0.1082782692222479,-0.001628206488762,-0.1012533149472001,-0.0933899101120752
64,1,-0.0100908409804105,-5.227502468013751,-0.010090653784573,0.0251795295625925,-0.001651118742302,-5.227537178989572,-7.086679473830769,-9.746926750971834,99.63978722205104,-1.0024016844894514,1.935816726958132,0.4519522493909826,0.5096861684990288,-0.0614658404627195,-0.0010326589313773,-0.4074583326457229,-1.0024016844894514,1.935816726958132,0.4519522493909826,-0.0010238003091523,-0.0614658404627195,-0.0010326589313773,-0.4074583326457229,0.0392629191479033
65,1,-0.0100911250337958,-5.2273294791732265,-0.0100908828899264,0.0251805670559406,-0.001651149126701,-5.22735867065505,-7.086746882771879,-9.74697339591722,99.50656871802572,0.544006336691059,3.0148304770604257,-0.3902594401792975,-0.2524738529177382,-0.4315410076682928,0.0017465527116625,0.2034496577385866,0.544006336691059,3.0148304770604257,-0.3902594401792975,0.0037473440701494,-0.4315410076682928,0.0017465527116625,0.2034496577385866,0.1275021200335324
66,1,-0.0100904833525419,-5.227359899969367,-0.0100893815979361,0.0251743495464324,-0.0016508547123521,-5.227344412807571,-7.08676658513664,-9.747123194832527,99.5063885614564,-0.7624144575609773,0.5486485389024054,0.006146420562416,0.0553863395899927,-0.3061424247341926,-5.622388822475385e-05,-0.1419587147367646,-0.7624144575609773,0.5486485389024054,0.006146420562416,0.0006369592349334,-0.3061424247341926,-5.622388822475385e-05,-0.1419587147367646,-0.0469095174258471
67,1,-0.0100945280864834,-5.227366952947222,0.0100908195599913,0.0251802708953619,0.0016511246794834,-5.227352942587556,-7.086659428392652,-9.746980492347284,99.50537182794164,-0.7038462470697562,2.8169064047474404,-0.3328820371616444,0.0549803763280427,-0.2966332063057217,-0.0016734742479622,-0.1048119182270775,-0.7038462470697562,2.8169064047474404,-0.3328820371616444,0.0039618353383782,-0.2966332063057217,-0.0016734742479622,-0.1048119182270775,-0.5441517585329789
68,1,-0.0100910449400544,-5.227381972054118,0.0100908670574426,0.0251804497092962,0.0016511268913745,-5.227417509322021,-7.086709864010391,-9.747160423562192,99.50734503905312,-0.5993479892363629,0.0395233366647436,-0.1040863441528897,-0.0766373764924637,0.5078877958449408,0.0001173092994486,0.0002112522703576,-0.5993479892363629,0.0395233366647436,-0.1040863441528897,-0.0007702223268727,0.5078877958449408,0.0001173092994486,0.0002112522703576,0.008553125100977
69,1,-0.0100909452885389,-5.227346701495949,0.0100908149033784,0.0251802485436201,0.0016511322464793,-5.227407033979577,-7.086851100682089,-9.747122997045008,99.5085280754014,-1.0550543529400245,3.4339597757941167,-0.1778307062660582,0.3825791512504155,-0.2923219299811412,-0.0032078546155516,0.6927677073118073,-1.0550543529400245,3.4339597757941167,-0.1778307062660582,-0.0008111214483029,-0.2923219299811412,-0.0032078546155516,0.6927677073118073,0.015414118779497
70,1,-0.0100904889404773,-5.227400077827958,0.0100908335298299,0.0251803416758775,0.0016511346912011,-5.227435947039786,-7.08656599132309,-9.747047284808348,99.50988659058412,0.0758922753353772,0.5032351802574029,0.3412171629819855,0.280994852682879,0.2362403811765507,0.0004581050848273,-0.2756580772654026,0.0758922753353772,0.5032351802574029,0.3412171629819855,-0.0028867274160125,0.2362403811765507,0.0004581050848273,-0.2756580772654026,0.0495645932667511
71,1,-0.0100906901061534,-5.227380721511157,0.0100907990708947,0.0251801908016204,0.0016511316644027,-5.227534333982152,-7.086664805327963,-9.747210931093797,99.505863115851,-0.5688081693975526,2.7134995629755254,0.2265718626535979,0.2688185111460502,0.2595643950267101,-6.656353384635987e-05,0.4518741051848525,-0.5688081693975526,2.7134995629755254,0.2265718626535979,-0.0010701731222387,0.2595643950267101,-6.656353384635987e-05,0.4518741051848525,0.0309745799233778
72,1,-0.0100908130407333,-5.227389667214798,0.010090815834701,0.0251802522689104,0.0016511358553543,-5.227403931535624,-7.08669089766504,-9.747094488380387,99.50643581047844,-0.7706110708882115,3.4977788256337545,-0.5891657088079703,-0.4741090295698494,0.3599531505953623,-0.0008334173160187,-0.2930566657883019,-0.7706110708882115,3.4977788256337545,-0.5891657088079703,-0.0031111768287039,0.3599531505953623,-0.0008334173160187,-0.2930566657883019,-0.0060204650073044
73,1,-0.0100905764847993,-5.227359898671303,0.0100908474996685,0.0251803677529096,0.0016511421417817,-5.2274671958936265,-7.086771862072245,-9.74712524243322,99.5108116042394,0.2213825778807363,2.791699915971864,0.0064510512351055,0.2791204651608192,-0.3311905215245105,0.0001348587149791,-0.1104114892668634,0.2213825778807363,2.791699915971864,0.0064510512351055,0.0006394523942476,-0.3311905215245105,0.0001348587149791,-0.1104114892668634,-0.0424336491846766
74,1,-0.0100907078012824,-5.227386044555907,0.0100908270105719,0.0251802932471036,0.0016511281719431,-5.2273601800244505,-7.086706435302167,-9.74697803170316,99.50606734848412,-0.7792321585579067,3.797150097014663,-0.3262714404163178,-0.3982436394535203,-0.5118571378667256,0.0020973969964995,0.2529766916057216,-0.7792321585579067,3.797150097014663,-0.3262714404163178,-0.0016989268857631,-0.5118571378667256,0.0020973969964995,0.2529766916057216,0.0738579399263805
75,1,-0.0100916288793087,-5.227346901933776,0.0100907832384109,0.0251800678670406,0.0016511222347617,-5.227381458441579,-7.086717363650665,-9.747032642049712,99.50675852000172,-0.8860712211483297,5.062953882832371,-0.3564511214356172,-0.0157399811929947,-0.0230221123831646,-0.0006630589791928,0.0919746398137354,-0.8860712211483297,5.062953882832371,-0.3564511214356172,-0.0005242794433726,-0.0230221123831646,-0.0006630589791928,0.0919746398137354,0.2252666441421749
76,1,-0.0100917583331465,-5.227323975528975,0.0100907254964113,0.0251795407384634,0.0016511193243786,-5.227338731977871,-7.086648792074602,-9.747029808088554,99.50714388582456,-0.9214369500699902,2.911282140481468,0.2871383820341152,0.2537554790382528,0.7205672356383253,0.000228126303474,-0.298784633151787,-0.9214369500699902,2.911282140481468,0.2871383820341152,-0.004027411967673,0.7205672356383253,0.000228126303474,-0.298784633151787,-0.1891991406344081
77,1,-0.0100907739251852,-5.227352733431236,0.0100908055901527,0.025180235505104,0.0016511145513504,-5.227332935157508,-7.0866996964040005,-9.747062034502909,99.50666983432473,-1.0093745332340462,1.4051261365364978,-0.2681979549368886,-0.108414697384125,-0.1645210421088703,-0.0044445078702408,0.1106646083381057,-1.0093745332340462,1.4051261365364978,-0.2681979549368886,0.0030144630900842,-0.1645210421088703,-0.0044445078702408,0.1106646083381057,0.1023151594153827
78,1,-0.0100905215367674,-5.227540238265339,0.010090822353959,0.0251802988350391,0.0016511318972334,-5.227470620881648,-7.08681418708566,-9.747143102938091,99.5085997317194,-0.7933648419045451,2.475139321989487,-0.2013425379994522,-0.2605586961129678,-0.2921655729897412,0.0013002481812237,0.0464207533114474,-0.7933648419045451,2.475139321989487,-0.2013425379994522,0.0029320455871031,-0.2921655729897412,0.0013002481812237,0.0464207533114474,-0.0405651422492006
79,1,-0.0100906323641538,-5.227360756467645,0.0100907953456044,0.025180023163557,0.0016511254943907,-5.227324945317386,-7.086642006134345,-9.747008293182398,99.5063775405573,-0.6339283888548115,2.225992707856845,0.1384006498220978,0.0859108270335984,-0.3771335013970645,0.0005647897335224,0.0321599715350566,-0.6339283888548115,2.225992707856845,0.1384006498220978,0.0004747170808791,-0.3771335013970645,0.0005647897335224,0.0321599715350566,0.0526970110349982
80,1,-0.010091058909893,-5.22744153008747,-0.0100913075730204,0.0251814760267734,-0.0016511763678863,5.22726865361427,7.086616725689118,9.746961501147933,99.50732953908776,-1.0133323635779,2.4451331740211275,-0.2818134288894054,-0.3361790002953049,-0.2206981682246347,0.0002838595711505,0.113360551280438,-1.0133323635779,2.4451331740211275,-0.2818134288894054,0.0018891920239261,-0.2206981682246347,0.0002838595711505,0.113360551280438,-0.1221166035257204
81,1,-0.0100887631997466,-5.22717698700811,-0.0100879557430744,0.0251739658415317,-0.0016508937114849,5.227352235133218,7.086672539363282,9.746990206413118,99.51069041653172,-0.949419394085716,2.9087903017605816,-0.2746078286369408,-0.1673743538858441,0.1030193792321747,-0.0002173429315776,0.0169980506867823,-0.949419394085716,2.9087903017605816,-0.2746078286369408,0.0045727278694007,0.1030193792321747,-0.0002173429315776,0.0169980506867823,-0.0715947975593434
82,1,-0.0100918263196945,-5.227358133587332,-0.0100893396884202,0.0251821689307689,-0.0016496562166139,5.227354204271453,7.086667615139881,9.74700478183821,99.50790266644614,-0.8291634929071545,2.7502648419082165,-0.2739879262282065,-0.171670115565378,-0.3367919806362467,-0.0020274179732054,0.2535278295117396,-0.8291634929071545,2.7502648419082165,-0.2739879262282065,0.000150735731263,-0.3367919806362467,-0.0020274179732054,0.2535278295117396,0.0155556234723084
83,1,-0.0100916679948568,-5.227475395871691,-0.0100886393338441,0.0251717120409011,-0.0016507291002199,5.227415128283664,7.086655010382817,9.746976483648467,99.50563749830614,-0.8135684993648833,3.725753780337345,-0.0744822904936958,0.0119272943818362,-0.3418587012982188,-0.0022485972651877,-0.2136269821353144,-0.8135684993648833,3.725753780337345,-0.0744822904936958,-0.0005049045581774,-0.3418587012982188,-0.0022485972651877,-0.2136269821353144,-0.1194143974457958
84,1,-0.0100908130407333,-5.227312417537103,-0.010091102682054,0.0251811929047107,-0.0016511889407411,5.227408283721982,7.0866451347456,9.747013546968637,99.50592974685956,-0.6707188300315123,3.3805417542531124,-0.0636137826811677,-0.2765299982120524,-0.1879537246731129,0.0023411756651272,0.1249045017457708,-0.6707188300315123,3.3805417542531124,-0.0636137826811677,0.0014010561014483,-0.1879537246731129,0.0023411756651272,0.1249045017457708,-0.0659427659365342
85,1,-0.0100909676402807,-5.227338606652849,-0.0100911194458603,0.0251818746328353,-0.0016512046568095,5.227246722779241,7.086636944999752,9.74685586699582,99.5069876097446,-1.107241550914925,0.0950196164492429,-0.2502051838913584,-0.4279038440267663,-0.1628722889034404,0.0004270880113939,0.0404216866378767,-1.107241550914925,0.0950196164492429,-0.2502051838913584,0.0013264233656874,-0.1628722889034404,0.0004270880113939,0.0404216866378767,-0.0266815988728073
86,1,-0.0100905373692512,-5.227359158322589,-0.0100907739251852,0.0251798760145902,-0.0016511001158505,5.227395387896075,7.086642730631934,9.747004791431644,99.5066320700324,-0.8411275149537967,2.122126570302796,-0.2527829636828722,-0.458269102592264,-0.4568011510580292,0.0002262723663893,0.0984835705512123,-0.8411275149537967,2.122126570302796,-0.2527829636828722,0.0030120476081632,-0.4568011510580292,0.0002262723663893,0.0984835705512123,-0.0806747806098853
87,1,-0.0100906137377023,-5.227449538868422,-0.0100908949971199,0.025180634111166,-0.0016511414432898,5.227365842668784,7.086677899306017,9.746960010437808,99.50629011511307,0.6612492070004352,2.3766497380466927,-0.2354556142728222,-0.1146100704033132,-0.3845078190043249,0.0041999487978059,0.1393022274831766,0.6612492070004352,2.3766497380466927,-0.2354556142728222,0.0011065311269782,-0.3845078190043249,0.0041999487978059,0.1393022274831766,-0.0656932057778888
88,1,-0.0100909592583775,-5.227350376718128,-0.0100919157266616,0.0251849126070737,-0.0016512436559423,5.227291206896727,7.0866402167029925,9.74710485343241,99.5143941513418,-0.9536433513366354,0.2194810625747827,0.0432648568260335,-0.1672532173264476,0.0668332536547167,0.0001455873405927,-0.6974874998643286,-0.9536433513366354,0.2194810625747827,0.0432648568260335,0.000538659838151,0.0668332536547167,0.0001455873405927,-0.6974874998643286,-0.0128684536683637
89,1,-0.0100910952314734,-5.227379754041932,-0.0100907878950238,0.0251800566911697,-0.0016511209541931,5.227419985605949,7.086718379904025,9.747056559370108,99.50658722723878,-0.807071766299789,4.092396225017469,0.0780353210517604,-0.0034142600446656,-0.0777671489940954,-0.000286928459233,-0.670225144728632,-0.807071766299789,4.092396225017469,0.0780353210517604,0.0025450503506521,-0.0777671489940954,-0.000286928459233,-0.670225144728632,-0.0289169263489816
90,1,-0.0100916745141148,-5.227372347247672,-0.0100908186286687,0.0251802150160074,-0.0016511237481608,5.227298290258178,7.086614076697516,9.74700913988208,99.50672318873023,-0.9297756082693356,0.0213126485320072,0.0077060996717781,-0.5199908926415393,-0.4146968056200726,-0.0026241351089892,-0.2241211285471789,-0.9297756082693356,0.0213126485320072,0.0077060996717781,0.001070876125744,-0.4146968056200726,-0.0026241351089892,-0.2241211285471789,-0.0993329665599246
91,1,-0.0100903520360589,-5.227430053857149,-0.0100906789302825,0.0251798070967197,-0.0016511064022779,5.227373713577248,7.086665097099951,9.74700120509732,99.50742955310722,-0.8411260567213552,2.775081824305258,0.4393289848605473,-0.554179030274625,-0.3379990350391626,0.0011009793578466,0.0775061340923228,-0.8411260567213552,2.775081824305258,0.4393289848605473,-0.0036968236091379,-0.3379990350391626,0.0011009793578466,0.0775061340923228,0.0070697807495899
92,1,-0.0100887371227145,-5.227366810488336,0.0100903483107686,0.0251788068562746,0.0016510193236172,5.227367181368911,7.0865959137994565,9.746946149798871,99.50637302042496,-0.8953577189503941,0.6321791108333783,0.006966196912049,0.0885876771313065,-0.0777883033609003,0.0012888994275806,0.0330262429621957,-0.8953577189503941,0.6321791108333783,0.006966196912049,0.0004395895614754,-0.0777883033609003,0.0012888994275806,0.0330262429621957,-0.0783718520129176
93,1,-0.01009086612612,-5.227374549098774,0.0100907981395721,0.0251801908016204,0.0016511236317455,5.227376721496319,7.0866732547775735,9.74702920481566,99.50769559334432,-0.647209194431102,0.896322886294747,-0.0766040709221105,-0.1480479570806096,-0.0830374401818332,-0.0020636151583709,0.2669373450527024,-0.647209194431102,0.896322886294747,-0.0766040709221105,-0.0015969619104819,-0.0830374401818332,-0.0020636151583709,0.2669373450527024,-0.0497434461595113
94,1,-0.0100898472592234,-5.227385909122722,0.0100908270105719,0.0251802448183298,0.0016511291032657,5.22738785560382,7.086471232123185,9.746985902230628,99.5139858587896,-0.9741290925527344,0.9446938068292324,-0.1108705121806127,-0.1617124777359033,-0.7078699116363474,0.0018263141084684,-0.7286441294911289,-0.9741290925527344,0.9446938068292324,-0.1108705121806127,0.0010511172068713,-0.7078699116363474,0.0018263141084684,-0.7286441294911289,-0.0725990022192577
95,1,-0.0100907012820243,-5.227541666802472,0.0100908316671848,0.0251803211867809,0.0016511310823261,5.227380089326846,7.086590666133112,9.746989756047189,99.50698481403492,-0.7510624860161808,0.4787966905786383,-0.0693184771065813,0.2830310682095648,-0.7208001285350374,-0.0042262846410474,0.2289346992661333,-0.7510624860161808,0.4787966905786383,-0.0693184771065813,0.0015480552203519,-0.7208001285350374,-0.0042262846410474,0.2289346992661333,0.0872996527925272
96,1,-0.010090785101056,-5.227354288968635,0.0100907776504755,0.0251801330596208,0.0016511179273948,5.22737014286447,7.08673762190193,9.747025365891432,99.50839922886988,-0.2154095322767752,2.104610074269392,-0.4419538712170602,-0.5298143872504746,-0.5419437136228047,0.000288364027922,0.1166826613207833,-0.2154095322767752,2.104610074269392,-0.4419538712170602,-1.1581815288017744e-06,-0.5419437136228047,0.000288364027922,0.1166826613207833,-0.0940101563032366
97,2,-0.0001090635923901,0.1780405523765446,0.0011969590559601,0.0209393166005611,0.0003055725246667,0.0533785099396573,0.0037320729362116,0.1055560861747096,0.1775917167516087,-0.92742272484543,2.559664597640042,0.1042531723832906,-0.1499088119310236,0.4675669174460486,-0.0046520729535367,-0.2032265666054753,-0.92742272484543,2.559664597640042,0.1042531723832906,-0.0031426928325781,0.4675669174460486,-0.0046520729535367,-0.2032265666054753,0.0419100157379746
98,2,0.000238752210862,0.2953764826350903,-0.0007789400406181,0.0424354784190654,-0.0006086314097046,0.2437364995837636,-0.073041730922021,-0.065969380673722,0.0492047445177896,0.1741125167700987,4.126466367491564,-0.2470722367707404,-0.179803462938294,-0.6078029418050224,0.0016868793921514,-0.2758489668060448,0.1741125167700987,4.126466367491564,-0.2470722367707404,-0.0022370641273196,-0.6078029418050224,0.0016868793921514,-0.2758489668060448,-0.6033725151964913
99,2,-0.0100912973284721,-5.227449854213414,-0.0100919408723711,0.0251852925866842,-0.0016513188602402,-5.227409700472501,-7.086640584476997,-9.746980549408104,99.50805380933885,-0.4011308551690131,2.2291692005573163,-0.0969473167709175,-0.1788420683514701,0.0627359804839207,0.0013998168074257,0.1638880994039054,-0.4011308551690131,2.2291692005573163,-0.0969473167709175,-0.0002621014415453,0.0627359804839207,0.0013998168074257,0.1638880994039054,0.0923356789278136
100,2,-0.0100925974547863,-5.227391749245474,-0.0100908977910876,0.0251809880137443,-0.0016511587891727,-5.22744965018997,-7.086774052819982,-9.747102220593998,99.51326553925158,-0.7934494825906615,3.307478650938571,-0.1565420676300481,0.050957963530876,-0.1274170068100462,0.0003031584351697,-0.1316029954835222,-0.7934494825906615,3.307478650938571,-0.1565420676300481,-0.0009395659746129,-0.1274170068100462,0.0003031584351697,-0.1316029954835222,-0.1366929643469694
101,2,-0.0100908512249588,-5.227340968500803,0.0100849010050296,0.025188822299242,0.0016493804287165,-5.227412121147212,-7.08671881998808,-9.74713635188522,99.50719435606098,-0.7348794381358839,1.785046638236138,0.4714747429157775,0.2865983262944765,-0.0043238391019229,-0.0002773536381467,-0.2548554252429341,-0.7348794381358839,1.785046638236138,0.4714747429157775,0.0004507061102612,-0.0043238391019229,-0.0002773536381467,-0.2548554252429341,-0.0916108527286096
102,2,-0.0100908940657973,-5.227338585161831,-0.0100906640291213,0.0251798201352357,-0.0016510999994352,-5.227417561383041,-7.086665834713594,-9.746980747134112,99.50701880885552,-0.432647459537903,2.7075463116669685,0.3179092266423293,-0.346252285534915,-0.272026924969643,-0.002864719087773,0.1598276776049553,-0.432647459537903,2.7075463116669685,0.3179092266423293,-7.245189102794963e-05,-0.272026924969643,-0.002864719087773,0.1598276776049553,-0.0848401239465616
103,2,-0.0100907050073146,-5.227360523635676,-0.0100906426087021,0.0251805894076824,-0.0016510945279151,-5.227361199659795,-7.086692672901135,-9.747056345843214,99.50699149958616,-0.2714965624260443,3.227664813987654,0.2520463000995309,0.3376166632443858,-0.1608789820240437,0.0005321477598895,0.0654841878330173,-0.2714965624260443,3.227664813987654,0.2520463000995309,-0.0026058125762558,-0.1608789820240437,0.0005321477598895,0.0654841878330173,0.0083764477073143
104,2,-0.0100908810272812,-5.227404767780253,-0.0100906062871217,0.0251797400414943,-0.0016510592540726,-5.228214375452681,-7.087446295717692,-9.74818521769512,99.50862556576732,-0.3179516789656791,2.701459866218218,-0.1704219021404285,-0.3699477131599953,0.161196180824124,-0.0036338657908279,-0.0773351503486533,-0.3179516789656791,2.701459866218218,-0.1704219021404285,0.0004129351752068,0.161196180824124,-0.0036338657908279,-0.0773351503486533,-0.1006302226076273
105,2,-0.0100906072184443,-5.227263906269246,-0.0100908335298299,0.0251803416758775,-0.0016511233989149,-5.227370143387677,-7.086731910214112,-9.747035827906574,99.5075536318218,-0.6698836308093843,-0.1363361089547936,-0.1644138705671116,0.0244113545302613,-0.0983230880356793,0.003493176591038,-0.6170697918212193,-0.6698836308093843,-0.1363361089547936,-0.1644138705671116,0.0032480403728466,-0.0983230880356793,0.003493176591038,-0.6170697918212193,-0.0155763372282409
106,2,-0.0100909592583775,-5.227367804167342,-0.010090765543282,0.0251797977834939,-0.0016511023277416,-5.227324589287773,-7.086612430931744,-9.747010725998908,99.50807814629503,-0.9672027401554352,2.918993682005744,0.2366513874849344,0.0501696687412315,-0.7885667820121172,-0.0032806180467303,0.0234319522462515,-0.9672027401554352,2.918993682005744,0.2366513874849344,-0.0016665789482749,-0.7885667820121172,-0.0032806180467303,0.0234319522462515,0.0777712785217666
107,2,-0.0100928330793976,-5.227222457099557,-0.0100913988426327,0.0251803267747163,-0.0016512121073901,-5.227348935643624,-7.0866410727427125,-9.74702821066515,99.50605976215677,-0.6713337248503599,3.3509778111254525,0.1486383950829022,-0.1251608032886861,0.0548206831339292,9.69000095864491e-05,-0.3285628201271414,-0.6713337248503599,3.3509778111254525,0.1486383950829022,0.0012768281205427,0.0548206831339292,9.69000095864491e-05,-0.3285628201271414,-0.0169877327501481
108,2,-0.0100910682231187,-5.227505529422855,-0.0100907310843467,0.0251799412071704,-0.0016511105932295,-5.227407234242379,-7.086834959339685,-9.747106010188125,99.5090691870795,-0.2004846024798721,2.0081241055169734,0.025774460255895,0.2601444356131054,-0.2551973575481066,0.0023414442072789,0.2149230494943256,-0.2004846024798721,2.0081241055169734,0.025774460255895,-7.826325502024515e-05,-0.2551973575481066,0.0023414442072789,0.2149230494943256,0.0395252671498824
109,2,-0.0100895958021283,-5.227286487238823,-0.0100849540904164,0.0251600202172994,-0.0016501973150298,-5.2274148568561145,-7.086753097564144,-9.746947226835951,99.50731639147682,-0.9088040409431342,2.753056142343606,-0.0994141602406233,-0.2085812746966598,-0.4555533542687371,-0.00657608001263,-0.1491705059861021,-0.9088040409431342,2.753056142343606,-0.0994141602406233,8.265839842293938e-05,-0.4555533542687371,-0.00657608001263,-0.1491705059861021,-0.0797945498400255
110,2,-0.010090640746057,-5.227379772747138,-0.0100900176912546,0.025176977738738,-0.0016509672859683,-5.227028603032633,-7.086708274742527,-9.74708260765012,99.50610980085042,-0.462977528241399,1.5926007926438466,0.1711543296753519,0.2727704316027964,-0.3393906092335639,-0.0012821697364641,-0.1463123763717447,-0.462977528241399,1.5926007926438466,0.1711543296753519,0.0008825748656751,-0.3393906092335639,-0.0012821697364641,-0.1463123763717447,-0.0452337215209619
111,2,-0.0100908130407333,-5.227357754872818,-0.0100908959284424,0.0251804199069738,-0.0016511380672454,-5.227467656985079,-7.086747671308418,-9.74712297416862,99.50694494416145,-0.0798755394649917,3.286267009561075,0.3513644142889898,0.4514338080083072,-0.4475028955604094,0.0018589235342109,-0.1336508685765406,-0.0798755394649917,3.286267009561075,0.3513644142889898,-0.0023915759326675,-0.4475028955604094,0.0018589235342109,-0.1336508685765406,0.0129492930166142
112,2,-0.0100896852090954,-5.227375130613419,-0.0100908214226365,0.0251802392303943,-0.0016511235153302,-5.227392661912552,-7.086678159290679,-9.747002149538568,99.5068500787162,-0.968854971859904,3.906859650829072,0.1505661862449623,-0.0310898790757738,0.1095230423538233,-0.0003967066107778,-0.0996701515960405,-0.968854971859904,3.906859650829072,0.1505661862449623,-0.0019473793545467,0.1095230423538233,-0.0003967066107778,-0.0996701515960405,-0.1224297063123102
113,2,-0.0100865252315998,-5.227338205524167,-0.0100894458591938,0.0251698419451713,-0.0016505346866324,-5.213019146432589,-7.069218899881528,-9.726030726078656,99.51086221119644,-0.7901299522636287,3.826036930232294,0.2179436188103948,0.3684706537302488,-0.1856881043056892,-0.0003477237930569,-0.069542791960789,-0.7901299522636287,3.826036930232294,0.2179436188103948,-0.0024859216012514,-0.1856881043056892,-0.0003477237930569,-0.069542791960789,0.0541815046879784
114,2,-0.0100906332954764,-5.227366599129238,-0.0100898453965783,0.0251789651811122,-0.001651031547226,-5.227393822453013,-7.0866871737971815,-9.747018109850146,99.50668533572632,0.0043125236563281,1.734465428600802,-0.0377255068348049,0.0109879587414081,-0.2885153686310486,0.0029001734416836,0.2752411260000975,0.0043125236563281,1.734465428600802,-0.0377255068348049,0.0002227267890558,-0.2885153686310486,0.0029001734416836,0.2752411260000975,0.0379984727022913
115,2,-0.0100905196741223,-5.227310616320138,-0.0100912125781178,0.0251827295869588,-0.0016512146685272,-5.227344353375833,-7.086669131668313,-9.746975025298203,99.50588285844071,-0.0969017266439311,2.352637861550108,-0.3765478424479366,-0.343577485916807,-0.354357065084931,-0.0022255238122475,-0.5954736859018624,-0.0969017266439311,2.352637861550108,-0.3765478424479366,0.0024280405462467,-0.354357065084931,-0.0022255238122475,-0.5954736859018624,-0.047217208956025
116,2,-0.0100907245650887,-5.227347853549248,-0.0100907171145081,0.0251799654215574,-0.0016511138528585,-5.227402433857156,-7.086747492536063,-9.74699371877644,99.50607906714583,-0.7726385761806207,2.8121269820146404,0.3156024919656413,0.0515810723884342,0.2334304099362971,0.0014374275170452,-0.1178215305727075,-0.7726385761806207,2.8121269820146404,0.3156024919656413,-0.0036797952528305,0.2334304099362971,0.0014374275170452,-0.1178215305727075,0.028543473754529
117,2,-0.0100900754332542,-5.227389781250877,0.0100912153720855,0.0251835230737924,0.001651159254834,5.231537741291322,7.091829285777784,9.754123736923288,99.55507898436548,-0.9188243538044244,2.4270443199241365,0.5151457251658934,0.019554937968996,-0.5088119992386861,0.0027778067713538,-0.1431412656485735,-0.9188243538044244,2.4270443199241365,0.5151457251658934,-0.003434289604403,-0.5088119992386861,0.0027778067713538,-0.1431412656485735,-0.1418638789870466
118,2,-0.0100907301530241,-5.227348213876248,-0.0100907022133469,0.0251794438809156,-0.0016511026769876,-5.227249088032111,-7.08653779811214,-9.746958867645692,99.50941377837565,-0.6515968386396365,3.084034045768952,0.2069269376367526,0.229608282642261,0.4721344628819994,-0.0013587142175156,-0.1931843276560963,-0.6515968386396365,3.084034045768952,0.2069269376367526,-0.0022130227412472,0.4721344628819994,-0.0013587142175156,-0.1931843276560963,-0.193040035734052
119,2,-0.0100919604301452,-5.227383378948747,-0.0100905010476708,0.0251787733286619,-0.0016510963905602,-5.22740237654704,-7.0866911156791,-9.747083306561075,99.5066102380643,0.0001147969069581,3.3295306536898943,0.0792641440178898,-0.0434495005386782,0.1712571918122045,0.0046716101308615,-0.4186711975209316,0.0001147969069581,3.3295306536898943,0.0792641440178898,0.0001251429013993,0.1712571918122045,0.0046716101308615,-0.4186711975209316,-0.05177706562946
120,2,-0.0100913308560848,-5.2273605218327885,-0.0100900726392865,0.0251778289675712,-0.0016510291025042,-5.227547364763165,-7.086823986720946,-9.747233236036733,99.51263267936844,-0.527660944929115,0.2629989544770406,0.0515673163927963,-0.3928510344373747,0.0305177611903868,0.000443329859629,0.2328071875996783,-0.527660944929115,0.2629989544770406,0.0515673163927963,0.0011159881326445,0.0305177611903868,0.000443329859629,0.2328071875996783,0.0362581237087965
121,2,-0.010090715251863,-5.227373638112884,-0.010090759024024,0.0251795016229152,-0.0016511224675923,-5.227384828958786,-7.086613539590871,-9.74695421028043,99.50509320011416,0.0788157134746749,2.322475308536527,0.0349386482793748,-0.4065112317641967,0.1465981424196831,-0.0010258424758851,0.1426978756964733,0.0788157134746749,2.322475308536527,0.0349386482793748,-0.0025636460881328,0.1465981424196831,-0.0010258424758851,0.1426978756964733,-0.0728910088184761
122,2,-0.0100902831181883,-5.2274074335906064,0.0100738918408751,0.0251214820891618,0.001647358178161,-5.227438971960256,-7.086721181995915,-9.747121646377394,99.5110756292495,-1.0876895775655326,3.703003018106044,-0.1123471535578735,0.0119443714357895,0.0748367762652821,-0.0025734624432086,-0.3382725241683234,-1.0876895775655326,3.703003018106044,-0.1123471535578735,-0.0027757109246329,0.0748367762652821,-0.0025734624432086,-0.3382725241683234,-0.2552148720288595
123,2,-0.0100913727656006,-5.227755567921872,-0.0100950831547379,0.0252041909843683,-0.0016522833611816,-6.82457105464908,-8.998377303021085,-11.648108349015246,132.83381425859923,-0.4569969481676437,2.315226135169607,-0.1400338319825395,-0.3950596602977245,-0.5044581876924075,-0.0023728521699066,-0.1553931093016865,-0.4569969481676437,2.315226135169607,-0.1400338319825395,-4.319691950804283e-05,-0.5044581876924075,-0.0023728521699066,-0.1553931093016865,-0.015357610005842
124,2,-0.0100910235196352,-5.227345796909521,-0.0100911930203437,0.0251828972250223,-0.0016513273585587,-5.229595067757812,-7.0896033237114295,-9.750832799844831,99.50050607344951,-0.713053230482092,0.8537857248765448,0.2794535098195412,0.234767130833729,-0.0525581993285966,0.0012231872539767,-0.0519142173329054,-0.713053230482092,0.8537857248765448,0.2794535098195412,-0.0006732086502869,-0.0525581993285966,0.0012231872539767,-0.0519142173329054,-0.066346309852342
125,2,-0.0100916065275669,-5.2272826106820585,-0.0100910561159253,0.0251796804368495,-0.001651091966778,-5.227569624561575,-7.086835495455954,-9.74715540099766,99.50819292718576,-0.5013335950697773,2.630228643335955,-0.4876139497885773,0.0682471086167915,-0.0898090480786772,-0.0003554829096634,-0.3082195830596137,-0.5013335950697773,2.630228643335955,-0.4876139497885773,0.0055800604009948,-0.0898090480786772,-0.0003554829096634,-0.3082195830596137,-0.0426304239622268
126,2,-0.0100909080356359,-5.2273444863999226,-0.0100907767191529,0.0251802299171686,-0.0016510863788425,-5.2273466185825335,-7.08665834277585,-9.746911006132194,99.50505605656454,-0.3556587056778952,0.1120156930470548,0.2685894572675283,-0.2239388644041048,-0.1139421574951113,-7.958081256310302e-05,0.050619087266254,-0.3556587056778952,0.1120156930470548,0.2685894572675283,-0.0015299855721568,-0.1139421574951113,-7.958081256310302e-05,0.050619087266254,-0.0004462116908594
127,2,-0.0100904442369937,-5.227339627021882,-0.0100905494764447,0.0251791551709175,-0.0016510621644556,-5.227498675351205,-7.087078666304819,-9.747284484679572,99.50654117366685,-0.5093284823929216,3.177890150572363,-0.3158568266642368,0.1087444861624809,-0.2493228919335286,-0.0026430296363883,-0.2925266006058171,-0.5093284823929216,3.177890150572363,-0.3158568266642368,-0.0018340982348644,-0.2493228919335286,-0.0026430296363883,-0.2925266006058171,-0.0079577106670219
128,2,-0.010090222582221,-5.2273521326811,-0.0100910775363445,0.025181371718645,-0.0016511870780959,-5.227616391555927,-7.087120152763975,-9.747456163735803,99.50631555353192,-0.8714658264253905,2.2396523193684352,0.5108822551820489,0.3920991791568439,-0.3824928607053999,-0.0038442283443287,-0.0433349039036143,-0.8714658264253905,2.2396523193684352,0.5108822551820489,-0.0018422544431721,-0.3824928607053999,-0.0038442283443287,-0.0433349039036143,0.0492553510590641
129,2,-0.0100907525047659,-5.227350790493767,-0.0100917955860495,0.0251862462610006,-0.0016513976734131,-5.227504865462554,-7.08688143402244,-9.747161749217458,99.53062948324968,-0.1499245306746131,1.1209683360484002,-0.2947437239052898,-0.2519924170604181,0.8641447334992196,0.0015560820488119,-0.0239507468920032,-0.1499245306746131,1.1209683360484002,-0.2947437239052898,0.0011121197280091,0.8641447334992196,0.0015560820488119,-0.0239507468920032,-0.0114059831154419
130,2,-0.0100907832384109,-5.22732965962581,-0.010090741328895,0.0251800436526536,-0.0016511355061084,-5.2273436423409,-7.086691004369371,-9.747025267918474,99.50670043077388,-0.604061801425007,3.1758108226852144,-0.2089036222037851,-0.0183673967922161,-0.5716247712791365,0.0001439380838794,-0.1610160337429139,-0.604061801425007,3.1758108226852144,-0.2089036222037851,0.0019421370033813,-0.5716247712791365,0.0001439380838794,-0.1610160337429139,-0.162500926812532
131,2,-0.010089068673551,-5.2273811846231935,0.0100894561037421,0.0251753088086843,0.0016508786939084,-5.227419758385318,-7.086650696231185,-9.747047287569876,99.50586143199868,-0.6770292192392771,2.03738953749106,-0.2812057696249029,-0.0849640201582169,0.26924938179845,-0.0005745593300031,-0.4465264733934739,-0.6770292192392771,2.03738953749106,-0.2812057696249029,0.0012202888363048,0.26924938179845,-0.0005745593300031,-0.4465264733934739,-0.0929248755321621
132,2,-0.0100883012637496,-5.227371916447194,0.0100907981395721,0.0251801926642656,0.0016511265421286,-5.227377490183154,-7.08668999091188,-9.746973949821736,99.5071960654266,-0.9476540111218924,3.0980226137798788,0.2777681473630207,-0.0098566547746409,-0.1818120855668148,0.0011375488085228,-0.2376238707471851,-0.9476540111218924,3.0980226137798788,0.2777681473630207,-0.0014563182904554,-0.1818120855668148,0.0011375488085228,-0.2376238707471851,-0.086553136431443
133,2,-0.0100915571674704,-5.227509473240198,0.0100908102467656,0.0251802392303943,0.0016511216526851,-5.227531807932446,-7.086946302951629,-9.747031914142823,99.50779351562096,-0.993724983808876,2.824781086743366,0.1878067083916745,0.3098709249847812,1.247997249783909,9.387756192323072e-05,0.7918523910125078,-0.993724983808876,2.824781086743366,0.1878067083916745,-0.0022826944001874,1.247997249783909,9.387756192323072e-05,0.7918523910125078,0.0302504060940432
134,2,-0.0100933527573943,-5.227388632046434,0.0100907068699598,0.025179885327816,0.0016511116409674,-5.22794000424727,-7.087179675865038,-9.747758408526632,99.50708675426976,-0.270498227133146,2.322992285138609,-0.3609807497921937,-0.5001559823221031,-0.1999211732295864,0.0018355678730539,-0.2364212996158916,-0.270498227133146,2.322992285138609,-0.3609807497921937,0.0019007804700136,-0.1999211732295864,0.0018355678730539,-0.2364212996158916,-0.09839747307881
135,2,-0.0100911287590861,-5.22735194880998,0.0100906267762184,0.0251801870763301,0.0016511097783222,-5.228559272145484,-7.088577612306679,-9.74940640499744,99.50555431709908,-0.2640502759833043,-0.115198216464881,0.045375683281197,0.2612362093900205,2.10311466644733,0.0025193427934019,0.1646700391189312,-0.2640502759833043,-0.115198216464881,0.045375683281197,-0.0014945718350614,2.10311466644733,0.0025193427934019,0.1646700391189312,-0.0605944694504264
136,2,-0.0100906668230891,-5.227395743243337,0.0100908242166042,0.0251803323626518,0.0016511075664311,-5.2277542883507415,-7.087484442842665,-9.748231325527447,99.50685453946788,0.0617377928369689,3.0281857153159653,0.4485105133325168,0.474319170942851,-0.268947494062703,-0.0034869136762452,-0.3365605742791552,0.0617377928369689,3.0281857153159653,0.4485105133325168,-0.0041904745454048,-0.268947494062703,-0.0034869136762452,-0.3365605742791552,-0.5659155592427989
137,2,-0.0100905830040574,-5.227436258437884,0.0100908456370234,0.0251803137362003,0.0016511225840076,-5.2297771071937165,-7.08816084939087,-9.749425481298765,99.51499664163968,-0.5881901705044421,3.876031969148896,-0.0065667666191794,-0.529395169630566,-0.2956443030317888,0.0016402174446326,-0.1056603764626621,-0.5881901705044421,3.876031969148896,-0.0065667666191794,-0.0019197824755259,-0.2956443030317888,0.0016402174446326,-0.1056603764626621,-0.0615271739916353
138,2,-0.0100901210680603,-5.227361427946,0.0100908009335398,0.025180134922266,0.0016511250287294,-5.227361394584085,-7.086744551241127,-9.74695579608264,99.50781756564832,-0.9169438981563828,2.7178067030170885,0.5369487128646762,0.0520996545674231,-0.073029348150595,0.0005535045086636,-0.1190670670997907,-0.9169438981563828,2.7178067030170885,0.5369487128646762,-0.0016512668234447,-0.073029348150595,0.0005535045086636,-0.1190670670997907,-0.0143609125753653
139,2,-0.0100908847525715,-5.227364097087603,0.0100908074527978,0.025180185213685,0.0016511104768142,-5.227403439483045,-7.086588952951284,-9.746958743916904,99.50713192962652,-0.8406170348894495,3.013308678699116,0.2712271355695829,0.1421765895316828,-0.0517177532191852,-0.0019977752560777,0.2880190027018085,-0.8406170348894495,3.013308678699116,0.2712271355695829,-0.0016202936859678,-0.0517177532191852,-0.0019977752560777,0.2880190027018085,0.1069197292628287
140,2,-0.0100894197821617,-5.227401999437081,0.010090822353959,0.0251802671700716,0.0016511246794834,-5.227366470150694,-7.0867408246395085,-9.747082457370364,99.50609769019046,-0.3913501001053783,2.95123462545834,-0.3265859773317077,-0.4422636614963315,-0.2269242864753859,0.0005985440980041,-0.3772600931090141,-0.3913501001053783,2.95123462545834,-0.3265859773317077,0.0023234666501833,-0.2269242864753859,0.0005985440980041,-0.3772600931090141,-0.076625105074709
141,2,-0.0100905587896704,-5.227357443087912,0.0100908288732171,0.0251803696155548,0.0016511246794834,-5.227356674915847,-7.086697847229286,-9.747003255047808,99.50624556354092,-0.8729308918105234,1.6744623650329542,0.0151765998699574,0.0645210860846943,-0.2602587113550405,0.0007135089670423,-0.140513426392569,-0.8729308918105234,1.6744623650329542,0.0151765998699574,0.0006536472567379,-0.2602587113550405,0.0007135089670423,-0.140513426392569,0.0053788701584983
142,2,-0.0100915394723415,-5.22736360099432,0.0100907925516366,0.0251801200211048,0.0016511192079633,-5.227342286974115,-7.086697102650838,-9.747027060538942,99.50636739756924,-0.1706278494831909,2.10853345921109,-0.1042416531919829,0.0254609367231068,0.7867600521742544,-0.0022206706447416,-0.5620595220876564,-0.1706278494831909,2.10853345921109,-0.1042416531919829,5.149855735836432e-05,0.7867600521742544,-0.0022206706447416,-0.5620595220876564,-0.0361568401351252
143,2,-0.010090447962284,-5.227377233125643,0.0100907627493143,0.0251798629760742,0.0016511153662577,-5.22736712603372,-7.086586016240625,-9.746998801276607,99.50656392335831,-0.7906688052186639,2.9143462068589523,-0.2041687280799073,-0.2589890256455525,0.0014837747671028,0.0002211079198777,-0.1900676386559808,-0.7906688052186639,2.9143462068589523,-0.2041687280799073,0.00202413688891,0.0014837747671028,0.0002211079198777,-0.1900676386559808,-0.031112891126615
144,2,-0.0100909732282161,-5.227341949584672,0.0100908279418945,0.0251803826540708,0.0016511274734511,-5.227691541693735,-7.08707898434057,-9.747513022707752,99.50619651795384,-0.7885103497616632,2.5255774803406617,-0.1518707573038605,0.1644582218709412,0.2976738905801404,0.0003640190333375,0.3312881583560557,-0.7885103497616632,2.5255774803406617,-0.1518707573038605,-0.0019189082776681,0.2976738905801404,0.0003640190333375,0.3312881583560557,0.0357741655530465
